{"cameraMode":{"drawMode":2,"name":"Shaded Wireframe","section":"Shading Mode"},"sceneLighting":false,"audioPlay":false,"sceneViewState":{"showFog":true,"showMaterialUpdate":false,"showSkybox":true,"showFlares":true,"showImageEffects":true,"showParticleSystems":true},"in2DMode":false,"pivot":{"x":2.237574338912964,"y":1.3177188634872437,"z":6.119028091430664},"rotation":{"x":0.04217835143208504,"y":0.07485771179199219,"z":-0.00316900247707963,"w":0.9962968230247498},"size":11.192251205444336,"orthographic":false}